{
    "samples_evaluated": 20,
    "raw_results": {
        "recall_1": 0.0,
        "recall_10": 0.0,
        "index_coverage": 20.0
    },
    "clean_results": {
        "recall_1": 0.0,
        "recall_10": 0.0,
        "index_coverage": 20.0,
        "latencies": {
            "embedding": {
                "mean_ms": 25.16244996804744,
                "p50_ms": 24.92414996959269,
                "p95_ms": 29.265185049735013,
                "min_ms": 19.799300003796816,
                "max_ms": 32.08449995145202
            },
            "retrieval": {
                "mean_ms": 103.98639994673431,
                "p50_ms": 91.4939499925822,
                "p95_ms": 178.006749926135,
                "min_ms": 68.37120000272989,
                "max_ms": 250.84610003978014
            },
            "total": {
                "mean_ms": 129.14884991478175,
                "p50_ms": 117.22410027869046,
                "p95_ms": 203.50687489844864,
                "min_ms": 93.71379995718598,
                "max_ms": 274.6500000357628
            }
        }
    }
}